created_at,EC (mS/cm),pH (pH),ECPH control
2024-01-10T12:41:04+08:00,12.88339,6.86937,0
2024-01-10T12:41:20+08:00,4.23144,6.86557,0
2024-01-10T12:41:36+08:00,0.55334,6.84886,0
2024-01-10T12:41:52+08:00,4.28424,6.82228,0
2024-01-10T12:42:10+08:00,5.45177,6.82532,0
2024-01-10T12:42:25+08:00,3.39233,6.82532,0
2024-01-10T12:42:41+08:00,6.77364,6.60203,0
2024-01-10T12:42:58+08:00,7.87026,6.12354,0
2024-01-10T12:43:15+08:00,8.0862,6.42582,0
2024-01-10T12:43:32+08:00,8.31399,6.56709,0
2024-01-10T12:43:48+08:00,5.99288,6.64684,0
2024-01-10T12:52:32+08:00,0.86664,7.00875,0
2024-01-10T12:52:47+08:00,0.8679,7.04615,0
2024-01-10T12:53:03+08:00,0.87543,6.80265,0
2024-01-10T12:53:20+08:00,0.88234,6.40637,1
2024-01-10T12:53:36+08:00,0.88422,6.29655,1
2024-01-10T12:53:52+08:00,0.88799,6.41512,1
2024-01-10T12:54:08+08:00,0.89239,6.54881,1
2024-01-10T12:54:24+08:00,0.89616,6.58939,1
2024-01-10T12:54:40+08:00,0.89741,6.68249,1
2024-01-10T12:54:55+08:00,0.89616,6.76287,1
2024-01-10T12:55:11+08:00,0.89427,6.81459,1
2024-01-10T12:55:27+08:00,0.89302,6.84005,1
2024-01-10T12:55:42+08:00,0.89616,6.87109,1
2024-01-10T12:55:58+08:00,0.89741,6.88939,1
2024-01-10T12:56:13+08:00,0.90055,6.9069,1
2024-01-10T12:56:28+08:00,0.90432,6.91326,1
2024-01-10T12:56:44+08:00,0.90369,6.91088,1
2024-01-10T12:57:00+08:00,0.90432,6.91406,1
2024-01-10T12:57:15+08:00,0.90432,6.91565,1
2024-01-10T12:57:32+08:00,0.9062,6.91247,1
2024-01-10T12:57:47+08:00,0.90809,6.91247,1
2024-01-10T12:58:03+08:00,0.90558,6.91247,1
2024-01-10T12:58:19+08:00,0.90872,6.91247,1
2024-01-10T12:58:35+08:00,0.90934,6.91406,1
2024-01-10T12:58:51+08:00,0.90934,6.91883,1
2024-01-10T12:59:07+08:00,0.90997,6.92042,1
2024-01-10T12:59:23+08:00,0.9106,6.92042,1
2024-01-10T12:59:40+08:00,0.90872,6.92361,1
2024-01-10T12:59:56+08:00,0.9106,6.92838,0
2024-01-10T13:00:11+08:00,0.9106,6.9252,0
2024-01-10T13:00:26+08:00,0.9106,6.91883,0
2024-01-10T13:00:42+08:00,0.90118,6.85438,0
2024-01-10T14:20:21+08:00,1.37109,7,0
2024-01-10T14:20:38+08:00,1.33517,7.00079,0
2024-01-10T14:20:54+08:00,1.32499,7.00709,0
2024-01-10T14:23:54+08:00,12.88347,3.9938,0
2024-01-10T14:24:11+08:00,11.60698,4.09225,0
2024-01-10T14:24:26+08:00,3.06795,4.5031,0
2024-01-10T14:24:43+08:00,0.80491,5.00853,0
2024-01-10T14:24:59+08:00,0.80301,5.41395,0
2024-01-10T14:25:16+08:00,0.8068,5.78295,1
2024-01-10T14:25:32+08:00,0.8068,6.0031,1
2024-01-10T14:25:49+08:00,0.80743,6.16434,1
2024-01-10T14:26:08+08:00,0.80743,6.29845,1
2024-01-10T14:26:23+08:00,0.80743,6.3969,1
2024-01-10T14:26:38+08:00,0.81437,6.47287,1
2024-01-10T14:26:54+08:00,0.81752,6.53953,1
2024-01-10T14:27:11+08:00,0.81311,6.59302,1
2024-01-10T14:27:27+08:00,0.81626,6.63953,1
2024-01-10T14:27:42+08:00,0.82068,6.67442,1
2024-01-10T14:27:58+08:00,0.81437,6.67674,1
2024-01-10T14:28:15+08:00,0.81752,6.70155,1
2024-01-10T14:28:30+08:00,0.81815,6.72946,1
2024-01-10T14:28:46+08:00,0.81626,5.44419,1
2024-01-10T14:29:02+08:00,0.81689,4.0876,1
2024-01-10T14:29:18+08:00,0.81815,4.06434,1
2024-01-10T14:29:33+08:00,0.82004,4.05659,1
2024-01-10T14:29:51+08:00,0.81626,4.05039,1
2024-01-10T14:30:07+08:00,0.81121,4.04419,1
2024-01-10T14:30:23+08:00,0.80491,4.03333,1
2024-01-10T14:30:40+08:00,0.80112,4.19767,1
2024-01-10T14:30:56+08:00,0.80112,4.75969,1
2024-01-10T14:31:12+08:00,0.80112,5.16047,1
2024-01-10T14:31:28+08:00,0.80112,5.38605,1
2024-01-10T14:31:44+08:00,0.80112,5.46667,1
2024-01-10T14:32:00+08:00,0.80238,5.57209,1
2024-01-10T14:32:20+08:00,0.80491,5.71395,1
2024-01-10T14:32:36+08:00,0.80743,5.95116,1
2024-01-10T14:32:52+08:00,0.80743,6.27442,1
2024-01-10T14:33:08+08:00,0.80743,6.34341,1
2024-01-10T14:33:23+08:00,0.80743,6.44884,1
2024-01-10T14:33:47+08:00,0.80806,6.5093,1
2024-01-10T14:34:05+08:00,0.81121,6.57984,1
2024-01-10T14:35:46+08:00,0.81815,6.75039,1
2024-01-10T14:36:13+08:00,0.82446,6.77364,1
2024-01-10T14:36:29+08:00,0.82572,6.77829,1
2024-01-10T14:40:41+08:00,1.40543,3.95979,0
2024-01-10T14:40:57+08:00,1.40038,3.93968,0
2024-01-10T14:41:13+08:00,1.39975,3.92359,0
2024-01-10T14:41:29+08:00,1.17519,4.2059,0
2024-01-10T14:41:44+08:00,0.40056,4.47775,0
2024-01-10T14:42:01+08:00,0.74687,4.71019,0
2024-01-10T14:42:17+08:00,0.80743,4.88472,0
2024-01-10T14:42:33+08:00,0.80743,5.02708,1
2024-01-10T14:42:50+08:00,0.80932,5.12922,1
2024-01-10T14:43:05+08:00,0.81311,5.28043,1
2024-01-10T14:43:23+08:00,0.81374,5.62788,1
2024-01-10T14:43:40+08:00,0.81374,6.00992,1
2024-01-10T14:43:57+08:00,0.81374,6.18525,1
2024-01-10T14:44:13+08:00,0.81563,6.32842,1
2024-01-10T14:44:29+08:00,0.81563,6.43941,1
2024-01-10T14:44:44+08:00,0.81437,6.49973,1
2024-01-10T14:45:00+08:00,0.81374,6.54718,1
2024-01-10T14:45:16+08:00,0.81374,6.59705,1
2024-01-10T14:45:31+08:00,0.81374,6.63566,1
2024-01-10T14:45:47+08:00,0.81374,6.6622,1
2024-01-10T14:46:04+08:00,0.81121,6.7008,1
2024-01-10T14:46:21+08:00,0.81121,6.71287,1
2024-01-10T14:46:37+08:00,0.81248,6.72654,1
2024-01-10T14:46:52+08:00,0.81184,6.73458,1
2024-01-10T14:47:09+08:00,0.80932,6.74987,1
2024-01-10T14:47:26+08:00,0.81058,6.76676,1
2024-01-10T14:47:42+08:00,0.81058,6.79008,1
2024-01-10T14:47:59+08:00,0.80932,6.7933,1
2024-01-10T14:48:15+08:00,0.80743,6.80697,1
2024-01-10T14:48:32+08:00,0.80743,6.81099,1
2024-01-10T15:05:11+08:00,1.413,4,0
2024-01-10T15:05:27+08:00,1.40795,4.00147,0
2024-01-10T15:05:43+08:00,0.73236,4.25306,0
2024-01-10T15:05:59+08:00,0.63143,4.72469,1
2024-01-10T15:06:14+08:00,0.81374,5.24328,1
2024-01-10T15:06:30+08:00,0.81374,5.54474,1
2024-01-10T15:06:45+08:00,0.81374,5.8198,1
2024-01-10T15:07:01+08:00,0.81374,6.04939,1
2024-01-10T15:07:16+08:00,0.81374,6.21149,1
2024-01-10T15:07:32+08:00,0.81374,6.37139,1
2024-01-10T15:07:48+08:00,0.81374,6.49242,1
2024-01-10T15:08:05+08:00,0.81311,6.57017,1
2024-01-10T15:08:20+08:00,0.81248,6.62885,1
2024-01-10T15:08:35+08:00,0.81374,6.66406,1
2024-01-10T15:08:52+08:00,0.81374,6.68973,1
2024-01-10T15:09:08+08:00,0.81374,6.71907,1
2024-01-10T15:09:24+08:00,0.81374,6.73081,1
2024-01-10T15:09:40+08:00,0.81374,6.74328,1
2024-01-10T15:09:55+08:00,0.81374,6.76381,1
2024-01-10T15:10:12+08:00,0.81374,6.76455,1
2024-01-10T15:10:27+08:00,0.81374,6.77848,1
2024-01-10T15:10:42+08:00,0.81311,6.77482,1
2024-01-10T15:10:58+08:00,0.81374,6.78068,1
2024-01-10T15:11:14+08:00,0.81374,6.77995,1
2024-01-10T15:11:29+08:00,0.81311,6.77042,1
2024-01-10T15:11:45+08:00,0.81311,6.04792,0
2024-01-10T15:12:01+08:00,0.81374,4.18264,0
2024-01-10T15:12:18+08:00,0.81374,4.10049,0
2024-01-10T15:12:34+08:00,0.81374,4.07262,0
2024-01-10T15:12:51+08:00,0.81374,4.05575,0
2024-01-10T15:13:07+08:00,0.81374,4.04474,0
2024-01-10T15:13:22+08:00,0.81374,4.03741,0
2024-01-10T15:13:38+08:00,0.81374,4.03154,0
2024-01-10T15:13:54+08:00,0.81374,4.02934,0
2024-01-10T15:14:10+08:00,0.81374,4.02861,0
2024-01-10T15:16:51+08:00,1.413,7.00737,0
2024-01-10T15:17:07+08:00,1.05455,7.00737,0
2024-01-10T15:17:23+08:00,0.55664,6.99779,0
2024-01-10T15:17:38+08:00,0.78908,6.85553,1
2024-01-10T15:17:55+08:00,0.78847,6.37052,1
2024-01-10T15:18:11+08:00,0.78724,6.22752,1
2024-01-10T15:18:27+08:00,0.78724,6.24373,1
2024-01-10T15:18:43+08:00,0.78785,6.28428,1
2024-01-10T15:18:59+08:00,0.78908,6.37494,1
2024-01-10T15:19:14+08:00,0.78785,6.52236,1
2024-01-10T15:19:29+08:00,0.78724,6.57101,1
2024-01-10T15:19:46+08:00,0.78663,6.63292,1
2024-01-10T15:20:02+08:00,0.78663,6.67936,1
2024-01-10T15:20:18+08:00,0.78602,6.69558,1
2024-01-10T15:20:34+08:00,0.78602,6.72285,1
2024-01-10T15:20:49+08:00,0.78663,6.74791,1
2024-01-10T15:21:05+08:00,0.78663,6.76265,1
2024-01-10T15:21:20+08:00,0.78602,6.77297,1
2024-01-10T15:21:37+08:00,0.78663,6.7774,1
2024-01-10T15:21:54+08:00,0.78724,6.79951,1
2024-01-10T15:22:09+08:00,0.78663,6.80614,1
2024-01-10T15:22:24+08:00,0.78724,6.80688,1
2024-01-10T15:22:40+08:00,0.78847,6.8113,1
2024-01-10T15:22:59+08:00,0.78847,6.81867,1
2024-01-10T15:23:15+08:00,0.78785,6.81572,1
2024-01-10T15:23:31+08:00,0.78663,6.82531,1
2024-01-10T15:23:47+08:00,0.78663,6.83415,1
2024-01-10T15:24:04+08:00,0.78785,6.83415,1
2024-01-10T15:24:19+08:00,0.78785,6.83268,1
2024-01-10T15:24:35+08:00,0.78724,6.82457,1
2024-01-10T15:24:51+08:00,0.72852,6.76118,1
2024-01-11T11:47:13+08:00,12.92622,7,0
2024-01-11T11:47:29+08:00,3.1954,7.00368,0
2024-01-11T11:47:44+08:00,0.73136,7.01397,0
2024-01-11T11:48:00+08:00,0.78898,6.49485,1
2024-01-11T11:48:15+08:00,0.78291,6.21912,1
2024-01-11T11:48:32+08:00,0.7817,6.34779,1
2024-01-11T11:48:48+08:00,0.7823,6.45294,1
2024-01-11T11:49:03+08:00,0.78049,6.54118,1
2024-01-11T11:49:19+08:00,0.77624,6.60735,1
2024-01-11T11:49:35+08:00,0.78049,6.65735,1
2024-01-11T11:49:50+08:00,0.78109,6.68824,1
2024-01-11T11:50:06+08:00,0.78049,6.70735,1
2024-01-11T11:50:21+08:00,0.77624,6.73088,1
2024-01-11T11:50:37+08:00,0.77685,6.75,1
2024-01-11T11:50:53+08:00,0.77624,6.78529,1
2024-01-11T11:51:08+08:00,0.77624,6.80368,1
2024-01-11T11:51:24+08:00,0.77563,6.81618,1
2024-01-11T11:51:39+08:00,0.77624,6.81544,1
2024-01-11T11:51:55+08:00,0.77624,6.81691,1
2024-01-11T11:52:10+08:00,0.77624,6.81765,1
2024-01-11T11:52:26+08:00,0.77563,6.82206,1
2024-01-11T11:52:41+08:00,0.77503,6.82353,1
2024-01-11T11:52:57+08:00,0.77503,6.82353,1
2024-01-11T11:53:12+08:00,0.77624,6.82353,1
2024-01-11T11:53:28+08:00,0.77563,6.82941,1
2024-01-11T11:53:43+08:00,0.77624,6.83088,1
2024-01-11T11:53:58+08:00,0.77624,6.83088,1
2024-01-11T11:54:15+08:00,0.77442,6.83456,1
2024-01-11T11:54:30+08:00,0.77442,6.83456,1
2024-01-11T11:54:47+08:00,0.77381,6.83529,1
2024-01-11T12:18:28+08:00,1.38925,3.99252,0
2024-01-11T12:18:44+08:00,0.58539,3.97756,0
2024-01-11T12:19:00+08:00,0.8003,4.29327,0
2024-01-11T12:19:15+08:00,0.81752,5.09227,0
2024-01-11T12:19:31+08:00,0.80862,5.55387,1
2024-01-11T12:19:46+08:00,0.79555,5.90848,1
2024-01-11T12:20:01+08:00,0.79674,6.11571,1
2024-01-11T12:20:17+08:00,0.79555,6.19501,1
2024-01-11T12:20:32+08:00,0.79615,6.29003,1
2024-01-11T12:20:48+08:00,0.79674,6.38953,1
2024-01-11T12:21:03+08:00,0.79912,6.48753,1
2024-01-11T12:21:20+08:00,0.79674,6.58404,1
2024-01-11T12:21:35+08:00,0.79555,6.65212,1
2024-01-11T12:21:51+08:00,0.79555,6.69402,1
2024-01-11T12:22:07+08:00,0.79555,6.71721,1
2024-01-11T12:22:23+08:00,0.79555,6.7389,1
2024-01-11T12:22:39+08:00,0.79615,6.75087,1
2024-01-11T12:22:55+08:00,0.79615,6.77481,1
2024-01-11T12:23:11+08:00,0.79615,6.77481,1
2024-01-11T12:23:27+08:00,0.79852,6.76584,1
2024-01-11T12:23:43+08:00,0.79852,6.7606,1
2024-01-11T12:23:58+08:00,0.79734,6.7606,1
2024-01-11T12:24:14+08:00,0.79674,6.7606,1
2024-01-11T12:24:29+08:00,0.79734,6.76733,1
2024-01-11T12:24:45+08:00,0.79555,6.77556,1
2024-01-11T12:25:01+08:00,0.79615,6.7793,1
2024-01-11T12:25:18+08:00,0.79734,6.78304,1
2024-01-12T12:55:03+08:00,0.8711,3.99248,0
2024-01-12T12:55:18+08:00,0.86907,3.97444,0
2024-01-12T12:55:34+08:00,0.86755,4.2391,0
2024-01-12T12:55:50+08:00,0.86603,5.14286,1
2024-01-12T12:56:06+08:00,0.86401,5.7609,1
2024-01-12T12:56:22+08:00,0.86502,6.1188,1
2024-01-12T12:56:37+08:00,0.86553,6.32331,1
2024-01-12T12:56:53+08:00,0.86603,6.47744,1
2024-01-12T12:57:08+08:00,0.86603,6.57744,1
2024-01-12T12:57:24+08:00,0.86603,6.65564,1
2024-01-12T12:57:41+08:00,0.86603,6.68271,1
2024-01-12T12:57:57+08:00,0.86603,6.6797,1
2024-01-12T12:58:12+08:00,0.86603,6.67293,1
2024-01-12T12:58:28+08:00,0.86603,6.67368,1
2024-01-12T12:58:45+08:00,0.86603,6.68496,1
2024-01-12T12:59:01+08:00,0.86603,6.70526,1
2024-01-12T12:59:16+08:00,0.86603,6.72857,1
2024-01-12T12:59:33+08:00,0.86603,6.74436,1
2024-01-12T12:59:50+08:00,0.86603,6.74962,1
2024-01-12T13:00:06+08:00,0.86603,6.75263,1
2024-01-12T13:00:23+08:00,0.86603,6.75789,1
2024-01-12T13:00:40+08:00,0.86603,6.75489,1
2024-01-12T13:00:56+08:00,0.86603,6.75338,1
2024-01-12T13:01:13+08:00,0.86553,6.76767,1
2024-01-12T13:01:28+08:00,0.86553,6.78496,1
2024-01-12T13:01:45+08:00,0.86603,6.79774,1
2024-01-12T13:02:01+08:00,0.86553,6.80827,1
2024-01-12T13:02:18+08:00,0.86451,6.81203,1
2024-01-12T13:02:34+08:00,0.86553,6.81203,1
2024-01-12T13:02:51+08:00,0.86553,6.81203,1
2024-01-12T13:03:08+08:00,0.86502,6.81203,0
2024-01-12T13:03:25+08:00,0.86553,6.81203,0
2024-01-12T13:03:40+08:00,0.86603,6.81278,0
2024-01-15T11:29:24+08:00,1.413,4,0
2024-01-15T11:29:39+08:00,0.67813,3.9948,0
2024-01-15T11:29:54+08:00,0.28941,3.98738,0
2024-01-15T11:30:10+08:00,0.71785,3.97921,0
2024-01-15T11:30:25+08:00,0.83418,4.05272,0
2024-01-15T11:30:41+08:00,0.83361,4.74109,0
2024-01-15T11:30:57+08:00,0.83418,5.41535,0
2024-01-15T11:31:12+08:00,0.83418,5.78292,1
2024-01-15T11:31:28+08:00,0.83418,6.03168,1
2024-01-15T11:31:44+08:00,0.83305,6.19876,1
2024-01-15T11:32:00+08:00,0.83361,6.30866,1
2024-01-15T11:32:15+08:00,0.83418,6.39035,1
2024-01-15T11:32:32+08:00,0.83305,6.46832,1
2024-01-15T11:32:48+08:00,0.83248,6.50322,1
2024-01-15T11:33:04+08:00,0.82851,6.52847,1
2024-01-15T11:33:21+08:00,0.82851,6.54852,1
2024-01-15T11:33:37+08:00,0.82851,6.56931,1
2024-01-15T11:33:52+08:00,0.82794,6.57896,1
2024-01-15T11:34:08+08:00,0.82851,6.58713,1
2024-01-15T11:34:24+08:00,0.82851,6.59604,1
2024-01-15T11:34:40+08:00,0.82851,6.60198,1
2024-01-15T11:34:56+08:00,0.82851,6.60718,1
2024-01-15T11:35:11+08:00,0.82851,6.61163,1
2024-01-15T11:35:27+08:00,0.82851,6.61535,1
2024-01-15T11:35:43+08:00,0.82794,6.6198,1
2024-01-15T11:35:58+08:00,0.82851,6.62129,1
2024-01-15T11:36:13+08:00,0.82851,6.625,1
2024-01-15T11:36:29+08:00,0.82851,6.62871,1
2024-01-15T11:36:45+08:00,0.82851,6.62871,1
2024-01-15T11:37:00+08:00,0.82851,6.62946,1
2024-01-15T11:37:15+08:00,0.82851,6.63168,1
2024-01-15T11:37:31+08:00,0.82851,6.6354,1
2024-01-15T11:37:46+08:00,0.82794,6.63614,0
2024-01-15T11:38:01+08:00,0.82851,6.63614,0
2024-01-15T11:38:17+08:00,0.82851,6.63614,0
2024-01-15T11:38:32+08:00,0.82794,6.63688,0
2024-01-15T11:38:49+08:00,0.82794,6.63614,0
2024-01-15T11:39:04+08:00,0.82851,6.63911,0
2024-01-15T11:39:19+08:00,0.82851,6.64282,0
2024-01-15T11:39:34+08:00,0.82794,6.63837,0
2024-01-15T11:39:50+08:00,0.82851,6.64059,0
2024-01-15T11:40:07+08:00,0.82851,6.64356,0
2024-01-15T11:40:22+08:00,0.82851,6.64282,0
2024-01-15T11:40:38+08:00,0.82851,6.64356,0
2024-01-15T11:40:53+08:00,0.82851,6.64356,0
2024-01-15T11:41:09+08:00,0.82851,6.64356,0
2024-01-15T11:41:25+08:00,0.82851,6.64356,0
2024-01-16T13:06:24+08:00,12.90858,4,0
2024-01-16T13:06:41+08:00,9.18676,4,0
2024-01-16T13:06:58+08:00,0.75149,4.04318,0
2024-01-16T13:07:14+08:00,0.84549,4.33499,1
2024-01-16T13:07:30+08:00,0.84434,4.80397,1
2024-01-16T13:07:46+08:00,0.84376,5.14715,1
2024-01-16T13:08:02+08:00,0.84549,5.42333,1
2024-01-16T13:08:18+08:00,0.84434,5.69132,1
2024-01-16T13:08:34+08:00,0.84492,5.87146,1
2024-01-16T13:39:38+08:00,0.78005,3.99169,0
2024-01-16T13:39:54+08:00,0.78642,4.01889,0
2024-01-16T13:40:10+08:00,0.79684,4.37708,1
2024-01-16T13:40:28+08:00,0.79684,5.01486,1
2024-01-16T13:40:44+08:00,0.798,5.47128,1
2024-01-16T13:41:01+08:00,0.798,5.80756,1
2024-01-16T13:41:17+08:00,0.79568,5.96549,1
2024-01-16T13:41:34+08:00,0.79336,6.09849,1
2024-01-16T13:41:49+08:00,0.79163,6.19673,1
2024-01-16T13:42:07+08:00,0.78873,6.26171,1
2024-01-16T13:42:22+08:00,0.78757,6.31083,1
2024-01-16T13:42:38+08:00,0.78757,6.34559,1
2024-01-16T13:42:55+08:00,0.78873,6.36902,1
2024-01-16T13:43:12+08:00,0.78931,6.39169,1
2024-01-16T13:43:31+08:00,0.79163,6.40605,1
2024-01-16T13:43:48+08:00,0.79279,6.41662,1
2024-01-16T13:44:05+08:00,0.79221,6.42569,1
2024-01-16T13:44:21+08:00,0.78873,6.43476,1
2024-01-16T13:44:36+08:00,0.78757,6.43929,1
2024-01-16T13:44:53+08:00,0.78757,6.44307,1
2024-01-16T13:45:09+08:00,0.78757,6.44912,1
2024-01-16T13:45:26+08:00,0.78757,6.45441,1
2024-01-16T13:45:42+08:00,0.78757,6.45516,1
2024-01-16T13:45:57+08:00,0.78757,6.45592,1
2024-01-16T13:46:14+08:00,0.78757,6.45894,1
2024-01-16T13:46:30+08:00,0.78757,6.45894,1
2024-01-16T13:46:45+08:00,0.79047,6.45668,1
2024-01-16T13:47:02+08:00,0.79279,6.45516,1
2024-01-16T13:47:18+08:00,0.79336,6.45592,1
2024-01-17T10:41:12+08:00,0.7863,4,0
2024-01-17T10:41:28+08:00,0.78427,4.08529,0
2024-01-17T10:41:44+08:00,0.78782,4.5005,1
2024-01-17T10:42:01+08:00,0.79291,4.99726,1
2024-01-17T10:42:17+08:00,0.78986,5.3182,1
2024-01-17T10:42:32+08:00,0.78782,5.54564,1
2024-01-17T10:42:47+08:00,0.78782,5.70349,1
2024-01-17T10:43:03+08:00,0.78782,5.83367,1
2024-01-17T10:43:18+08:00,0.78782,5.93541,1
2024-01-17T10:43:34+08:00,0.69125,6.00723,1
2024-01-17T10:43:50+08:00,0.78427,6.05212,1
2024-01-17T10:44:06+08:00,0.78274,6.09551,1
2024-01-17T10:44:22+08:00,0.78274,6.1389,1
2024-01-17T10:44:39+08:00,0.73344,6.17332,1
2024-01-17T10:44:54+08:00,0.65008,6.19651,1
2024-01-17T10:45:10+08:00,0.77766,6.20698,1
2024-01-17T10:45:26+08:00,0.77766,6.21521,1
2024-01-17T10:45:42+08:00,0.77766,6.23317,1
2024-01-17T10:45:58+08:00,0.77766,6.24963,1
2024-01-17T10:46:13+08:00,0.77766,6.25037,1
2024-01-17T10:46:28+08:00,0.77766,6.2586,1
2024-01-17T10:46:44+08:00,0.77766,6.26459,1
2024-01-17T10:47:00+08:00,0.77766,6.27806,1
2024-01-17T10:47:16+08:00,0.77766,6.27731,1
2024-01-17T10:47:32+08:00,0.77766,6.28329,1
2024-01-17T10:47:48+08:00,0.77766,6.28404,1
2024-01-17T10:48:05+08:00,0.77766,6.29152,1
2024-01-17T10:48:21+08:00,0.77766,6.29227,1
2024-01-17T10:48:36+08:00,0.77817,6.29825,1
2024-01-17T10:48:51+08:00,0.78172,6.29825,1
2024-01-17T10:49:07+08:00,0.78274,6.299,1
2024-01-17T10:49:23+08:00,0.78528,6.30349,1
2024-01-17T10:49:38+08:00,0.78376,6.30349,1
2024-01-17T10:49:55+08:00,0.78477,6.30424,1
2024-01-17T10:50:10+08:00,0.78427,6.30424,1
2024-01-17T10:50:25+08:00,0.78579,6.30723,1
2024-01-17T10:50:40+08:00,0.78477,6.31471,1
2024-01-17T10:50:56+08:00,0.78477,6.31247,1
2024-01-17T10:51:12+08:00,0.78528,6.31845,1
2024-01-17T10:51:27+08:00,0.78681,6.3192,1
2024-01-17T10:51:43+08:00,0.7863,6.31696,1
2024-01-17T10:51:59+08:00,0.78732,6.31247,1
2024-01-17T10:52:14+08:00,0.78732,6.31845,1
2024-01-17T10:52:31+08:00,0.78732,6.3222,1
2024-01-17T10:52:47+08:00,0.78782,6.32369,1
2024-01-18T13:48:26+08:00,0.81016,3.99848,0
2024-01-18T13:48:42+08:00,0.80907,3.97646,0
2024-01-18T13:48:58+08:00,0.80525,4.19823,0
2024-01-18T13:49:13+08:00,0.8047,4.77316,1
2024-01-18T13:49:29+08:00,0.79979,5.13165,1
2024-01-18T13:49:44+08:00,0.80143,5.3762,1
2024-01-18T13:50:00+08:00,0.80034,5.57367,1
2024-01-18T13:50:15+08:00,0.80034,5.71797,1
2024-01-18T13:50:31+08:00,0.79761,5.81063,1
2024-01-18T13:50:47+08:00,0.79925,5.84329,1
2024-01-18T13:51:03+08:00,0.79979,5.92,1
2024-01-18T13:51:18+08:00,0.79979,5.98076,1
2024-01-18T13:51:34+08:00,0.80143,5.99823,1
2024-01-18T13:51:49+08:00,0.79925,6.01646,1
2024-01-18T13:52:05+08:00,0.80143,6.04532,1
2024-01-18T13:52:21+08:00,0.79106,6.07342,1
2024-01-18T13:52:37+08:00,0.74687,6.0719,1
2024-01-18T13:52:53+08:00,0.76106,6.08633,1
2024-01-18T13:53:08+08:00,0.77469,6.07646,1
2024-01-18T13:53:24+08:00,0.78015,6.09924,1
2024-01-18T13:53:40+08:00,0.78015,6.11443,1
2024-01-18T13:53:55+08:00,0.78015,6.10456,1
2024-01-18T13:54:11+08:00,0.7796,6.11215,1
2024-01-18T13:54:26+08:00,0.77797,6.12354,1
2024-01-18T13:54:42+08:00,0.78124,6.10532,1
2024-01-18T13:54:58+08:00,0.78342,6.13494,1
2024-01-18T13:55:13+08:00,0.78779,6.13494,1
2024-01-18T13:55:29+08:00,0.79106,6.1281,1
2024-01-18T13:55:45+08:00,0.7867,6.14405,1
2024-01-18T13:56:00+08:00,0.7927,6.14329,1
2024-01-18T13:56:15+08:00,0.79979,6.13873,1
2024-01-18T13:56:31+08:00,0.79706,6.13797,1
2024-01-18T13:56:47+08:00,0.79706,6.1562,1
2024-01-19T12:20:49+08:00,0.77168,3.99242,0
2024-01-19T12:21:05+08:00,0.77115,4.04394,0
2024-01-19T12:21:22+08:00,0.77011,4.35303,1
2024-01-19T12:21:37+08:00,0.76803,4.82197,1
2024-01-19T12:21:53+08:00,0.76855,5.17955,1
2024-01-19T12:22:09+08:00,0.76646,5.41667,1
2024-01-19T12:22:25+08:00,0.76646,5.56136,1
2024-01-19T12:22:40+08:00,0.76646,5.67045,1
2024-01-19T12:22:56+08:00,0.76646,5.76288,1
2024-01-19T12:23:12+08:00,0.76646,5.82576,1
2024-01-19T12:23:28+08:00,0.76646,5.87803,1
2024-01-19T12:23:44+08:00,0.76646,5.91136,1
2024-01-19T12:23:59+08:00,0.76646,5.9197,1
2024-01-19T12:24:14+08:00,0.76646,5.94545,1
2024-01-19T12:24:31+08:00,0.76646,5.94848,1
2024-01-19T12:24:46+08:00,0.76646,5.96061,1
2024-01-19T12:25:01+08:00,0.76646,5.96667,1
2024-01-19T12:25:17+08:00,0.76646,5.97727,1
2024-01-19T12:25:32+08:00,0.76646,5.98409,1
2024-01-19T12:25:48+08:00,0.76646,5.99242,1
2024-01-19T12:26:03+08:00,0.76646,6.00151,1
2024-01-19T12:26:19+08:00,0.76594,6.00758,1
2024-01-19T12:26:34+08:00,0.76646,6.01288,1
2024-01-19T12:26:50+08:00,0.76542,6.0197,1
2024-01-19T12:27:05+08:00,0.76646,6.02121,1
2024-01-19T12:27:21+08:00,0.69086,6.02121,1
2024-01-19T12:27:37+08:00,0.76646,6.03561,1
2024-01-19T12:27:54+08:00,0.76646,6.04621,1
2024-01-19T12:28:09+08:00,0.76646,6.04242,1
2024-01-19T12:28:25+08:00,0.76646,6.04545,1
2024-01-19T12:28:41+08:00,0.76646,6.04091,1
2024-01-19T12:28:56+08:00,0.76646,6.04318,1
2024-01-19T12:29:11+08:00,0.76646,6.04318,1
2024-01-19T12:29:27+08:00,0.76646,6.04318,1
2024-01-19T12:29:43+08:00,0.76646,6.04318,1
2024-01-19T12:29:59+08:00,0.76646,6.05,1
2024-01-19T12:30:14+08:00,0.76646,6.05,1
2024-01-22T14:35:06+08:00,0.70598,3.99202,0
2024-01-22T14:35:22+08:00,0.70127,3.97447,0
2024-01-22T14:35:37+08:00,0.70127,3.94096,0
2024-01-22T14:35:52+08:00,0.70127,4.19069,0
2024-01-22T14:36:08+08:00,0.70127,4.6742,0
2024-01-22T14:36:24+08:00,0.70127,4.95505,0
2024-01-22T14:36:40+08:00,0.70127,5.20798,0
2024-01-22T14:36:55+08:00,0.70127,5.40665,0
2024-01-22T14:37:10+08:00,0.70127,5.54149,0
2024-01-22T14:37:27+08:00,0.70127,5.65239,0
2024-01-22T14:37:43+08:00,0.70127,5.74894,0
2024-01-22T14:37:58+08:00,0.70284,5.82314,1
2024-01-22T14:38:14+08:00,0.70545,5.875,1
2024-01-22T14:38:31+08:00,0.70598,5.90691,1
2024-01-22T14:38:48+08:00,0.7065,5.95239,1
2024-01-22T14:39:03+08:00,0.70598,5.97473,1
2024-01-22T14:39:19+08:00,0.70441,5.99628,1
2024-01-22T14:39:35+08:00,0.70284,6.01383,1
2024-01-22T14:39:50+08:00,0.70127,6.02819,1
2024-01-22T14:40:05+08:00,0.70127,6.03856,1
2024-01-22T14:40:21+08:00,0.70127,6.04734,1
2024-01-22T14:40:37+08:00,0.70127,6.05851,1
2024-01-22T14:40:53+08:00,0.70127,6.06649,1
2024-01-22T14:41:08+08:00,0.70127,6.07447,1
2024-01-22T14:41:23+08:00,0.70127,6.07447,1
2024-01-22T14:41:38+08:00,0.70127,6.08165,1
2024-01-22T14:41:55+08:00,0.70127,6.08644,1
2024-01-22T14:42:11+08:00,0.68557,6.08963,1
2024-01-22T14:42:27+08:00,0.68557,6.09122,1
2024-01-22T14:42:42+08:00,0.68557,6.09282,1
2024-01-22T14:42:57+08:00,0.68557,6.0984,1
2024-01-22T14:43:16+08:00,0.68452,6.0984,1
2024-01-22T14:43:32+08:00,0.68243,6.0992,1
2024-01-22T14:43:49+08:00,0.68138,6.10399,1
2024-01-22T14:44:05+08:00,0.68033,6.10638,1
2024-01-22T14:44:21+08:00,0.68033,6.10638,1
2024-01-22T14:44:37+08:00,0.68033,6.10638,1
2024-01-22T14:44:53+08:00,0.68033,6.10638,1
2024-01-22T14:45:09+08:00,0.68033,6.10878,1
2024-01-22T14:45:24+08:00,0.71487,6.10878,1
2024-01-22T14:45:39+08:00,0.73214,6.11436,1
2024-01-22T14:45:54+08:00,0.74994,6.11277,1
2024-01-22T14:46:10+08:00,0.7379,6.11436,1
2024-01-22T14:46:26+08:00,0.7379,6.11436,1
2024-01-22T14:46:41+08:00,0.74209,6.11436,1
2024-01-22T14:46:57+08:00,0.69185,6.11436,1
2024-01-22T14:47:13+08:00,0.729,6.11117,1
2024-01-22T14:47:29+08:00,0.74994,6.12952,1
2024-01-22T14:47:45+08:00,0.75936,6.12952,1
2024-01-22T14:48:01+08:00,0.78343,6.11117,1
2024-01-22T14:48:17+08:00,0.77872,6.11356,1
2024-01-22T14:48:32+08:00,0.77558,6.11356,1
2024-01-22T14:48:48+08:00,0.77453,6.11436,1
2024-01-22T14:49:04+08:00,0.77453,6.11436,1
2024-01-22T14:49:20+08:00,0.77453,6.11436,1
2024-01-22T14:49:36+08:00,0.77453,6.11436,1
2024-01-22T14:49:51+08:00,0.77453,6.11436,1
2024-01-22T14:50:07+08:00,0.77453,6.11436,1
2024-01-22T14:50:23+08:00,0.77453,6.11436,1
2024-01-22T14:50:39+08:00,0.77453,6.11436,1
2024-01-22T14:50:54+08:00,0.77453,6.11436,1
2024-01-22T14:51:10+08:00,0.77401,6.11436,1
2024-01-22T14:51:26+08:00,0.77139,6.11436,1
2024-01-23T14:15:41+08:00,0.91606,4,0
2024-01-23T14:15:56+08:00,0.9147,3.99847,0
2024-01-23T14:16:11+08:00,0.9222,4.10305,1
2024-01-23T14:16:27+08:00,0.93927,4.37557,1
2024-01-23T14:16:42+08:00,0.91743,4.68015,1
2024-01-23T14:16:59+08:00,0.9147,4.92214,1
2024-01-23T14:17:15+08:00,0.9147,5.09695,1
2024-01-23T14:17:31+08:00,0.9147,5.23893,1
2024-01-23T14:17:47+08:00,0.9147,5.3771,1
2024-01-23T14:18:02+08:00,0.91538,5.48702,1
2024-01-23T14:18:19+08:00,0.91538,5.5771,1
2024-01-23T14:18:34+08:00,0.9147,5.7458,1
2024-01-23T14:18:50+08:00,0.9147,5.8771,1
2024-01-23T14:19:06+08:00,0.9147,5.95343,1
2024-01-23T14:19:22+08:00,0.91606,6.00611,1
2024-01-23T14:19:38+08:00,0.9147,6.04427,1
2024-01-23T14:19:53+08:00,0.9147,6.07557,1
2024-01-23T14:20:08+08:00,0.9147,6.09847,1
2024-01-23T14:20:24+08:00,0.9147,6.11908,1
2024-01-23T14:20:40+08:00,0.9147,6.13282,1
2024-01-23T14:20:55+08:00,0.91538,6.14656,1
2024-01-23T14:21:10+08:00,0.91674,6.15496,1
2024-01-23T14:21:26+08:00,0.91743,6.16412,1
2024-01-23T14:21:42+08:00,0.91879,6.17099,1
2024-01-23T14:21:57+08:00,0.92152,6.17634,1
2024-01-23T14:22:13+08:00,0.92084,6.18321,1
2024-01-23T14:22:29+08:00,0.92152,6.18931,1
2024-01-23T14:22:46+08:00,0.92152,6.19084,1
2024-01-23T14:23:01+08:00,0.92152,6.19847,1
2024-01-23T14:23:17+08:00,0.92084,6.20305,1
2024-01-24T13:54:50+08:00,0.93191,4.00305,0
2024-01-24T13:55:07+08:00,0.93022,4,1
2024-01-24T13:55:23+08:00,0.93079,3.99466,1
2024-01-24T13:55:40+08:00,0.94144,4.17557,1
2024-01-24T13:55:55+08:00,0.942,4.52443,1
2024-01-24T13:56:10+08:00,0.942,4.8374,1
2024-01-24T13:56:27+08:00,0.942,5.09008,1
2024-01-24T13:56:43+08:00,0.94144,5.30382,1
2024-01-24T13:57:00+08:00,0.94144,5.46183,1
2024-01-24T13:57:16+08:00,0.942,5.60916,1
2024-01-24T13:57:33+08:00,0.942,5.72519,1
2024-01-24T13:57:49+08:00,0.942,5.80916,1
2024-01-24T13:58:06+08:00,0.94088,5.84886,1
2024-01-24T13:58:21+08:00,0.94088,5.89237,1
2024-01-24T13:58:38+08:00,0.942,5.9229,1
2024-01-24T13:58:55+08:00,0.942,5.95496,1
2024-01-24T13:59:10+08:00,0.942,5.97634,1
2024-01-24T13:59:26+08:00,0.942,5.99771,1
2024-01-24T13:59:42+08:00,0.94144,6.0145,1
2024-01-24T13:59:57+08:00,0.94144,6.03511,1
2024-01-24T14:00:14+08:00,0.942,6.05038,1
2024-01-24T14:00:30+08:00,0.942,6.06336,1
2024-01-24T14:00:45+08:00,0.94144,6.07557,1
2024-01-24T14:01:00+08:00,0.942,6.09008,1
2024-01-24T14:01:16+08:00,0.942,6.10076,1
2024-01-24T14:01:32+08:00,0.942,6.10916,1
2024-01-24T14:01:48+08:00,0.942,6.11832,1
2024-01-24T14:02:05+08:00,0.942,6.12824,1
2024-01-24T14:02:21+08:00,0.94144,6.1374,1
2024-01-24T14:02:37+08:00,0.942,6.14657,1
2024-01-24T14:02:52+08:00,0.942,6.14962,1
2024-01-24T14:03:09+08:00,0.942,6.15496,1
2024-01-24T14:03:25+08:00,0.942,6.16107,1
2024-01-26T12:12:36+08:00,0.94767,4,0
2024-01-26T12:12:52+08:00,0.94554,4.09278,0
2024-01-26T12:13:08+08:00,0.94979,4.68351,1
2024-01-26T12:13:24+08:00,0.95617,5.20541,1
2024-01-26T12:13:40+08:00,0.9551,5.48531,1
2024-01-26T12:13:56+08:00,0.94767,5.69716,1
2024-01-26T12:14:12+08:00,0.95882,5.83325,1
2024-01-26T12:14:28+08:00,0.80955,5.94304,1
2024-01-26T12:14:45+08:00,0.72722,6.02036,1
2024-01-26T12:15:00+08:00,0.77237,6.07758,1
2024-01-26T12:15:16+08:00,0.80212,6.13093,1
2024-01-26T12:15:32+08:00,0.81062,6.16572,1
2024-01-26T12:15:49+08:00,0.8154,6.19278,1
2024-01-26T12:16:05+08:00,0.81805,6.21211,1
2024-01-26T12:16:20+08:00,0.81805,6.2299,1
2024-01-26T12:16:35+08:00,0.81805,6.24304,1
2024-01-26T12:16:51+08:00,0.81911,6.25464,1
2024-01-26T12:17:07+08:00,0.82018,6.26392,1
2024-01-26T12:17:22+08:00,0.82177,6.27242,1
2024-01-26T12:17:37+08:00,0.82071,6.27938,1
2024-01-26T12:17:53+08:00,0.82336,6.28093,1
2024-01-26T12:18:08+08:00,0.82336,6.28711,1
2024-01-26T12:18:24+08:00,0.82283,6.28943,1
2024-01-26T12:18:39+08:00,0.82336,6.29485,1
2024-01-26T12:18:55+08:00,0.82336,6.29871,1
2024-01-26T12:19:11+08:00,0.82336,6.3018,1
2024-01-26T12:19:27+08:00,0.82336,6.30412,1
2024-01-26T12:19:43+08:00,0.82336,6.3049,1
2024-01-26T12:19:59+08:00,0.82336,6.30644,1
2024-01-26T12:20:15+08:00,0.82336,6.31108,1
2024-01-26T12:20:30+08:00,0.82336,6.31031,1
2024-01-26T12:20:46+08:00,0.82336,6.31186,1
2024-01-26T12:21:03+08:00,0.82443,6.3134,1
2024-01-26T12:21:19+08:00,0.82602,6.31495,1
2024-01-26T12:21:35+08:00,0.82761,6.31417,1
2024-01-26T12:21:50+08:00,0.82708,6.31804,1
2024-01-26T12:22:06+08:00,0.82815,6.31649,1
2024-01-26T12:22:22+08:00,0.82815,6.31881,1
2024-01-26T12:22:38+08:00,0.82868,6.32036,1
2024-01-26T12:22:54+08:00,0.82815,6.32036,1
2024-01-26T12:23:11+08:00,0.82868,6.32191,1
2024-01-26T12:23:26+08:00,0.82815,6.32036,1
2024-01-29T13:11:51+08:00,0.942,3.96748,0
2024-01-29T13:12:07+08:00,0.93646,3.96992,0
2024-01-29T13:12:23+08:00,0.93369,4.22683,0
2024-01-29T13:12:39+08:00,0.93507,4.68211,1
2024-01-29T13:12:56+08:00,0.93507,4.96667,1
2024-01-29T13:13:12+08:00,0.93369,5.24309,1
2024-01-29T13:13:28+08:00,0.93438,5.51707,1
2024-01-29T13:13:45+08:00,0.93507,5.65203,1
2024-01-29T13:14:01+08:00,0.93507,5.7748,1
2024-01-29T13:14:17+08:00,0.93507,5.92764,1
2024-01-29T13:14:34+08:00,0.93507,5.99187,1
2024-01-29T13:14:51+08:00,0.93507,6.03821,1
2024-01-29T13:15:08+08:00,0.93438,6.08293,1
2024-01-29T13:15:23+08:00,0.93438,6.11301,1
2024-01-29T13:15:39+08:00,0.93369,6.14228,1
2024-01-29T13:15:54+08:00,0.93507,6.16098,1
2024-01-29T13:16:10+08:00,0.93507,6.1748,1
2024-01-29T13:16:27+08:00,0.93507,6.19106,1
2024-01-29T13:16:43+08:00,0.93507,6.21138,1
2024-01-29T13:16:58+08:00,0.93438,6.22602,1
2024-01-29T13:17:14+08:00,0.93507,6.23252,1
2024-01-29T13:17:29+08:00,0.93438,6.24553,1
2024-01-29T13:17:46+08:00,0.93507,6.25447,1
2024-01-29T13:18:02+08:00,0.93507,6.26341,1
2024-01-29T13:18:18+08:00,0.93438,6.26748,1
2024-01-29T13:18:34+08:00,0.93507,6.27642,1
2024-01-29T13:18:50+08:00,0.93507,6.28374,1
2024-01-29T13:19:07+08:00,0.93507,6.28374,1
2024-01-29T13:19:23+08:00,0.93507,6.28699,1
2024-01-29T13:19:40+08:00,0.93507,6.28943,1
2024-01-29T13:19:57+08:00,0.93507,6.29431,1
2024-01-29T13:20:13+08:00,0.93507,6.29919,0
2024-01-29T13:20:30+08:00,0.93507,6.30325,0
2024-01-29T13:44:32+08:00,0.94734,3.99204,0
2024-01-29T13:44:49+08:00,0.95639,4.02626,0
2024-01-29T13:45:05+08:00,1.00163,4.30239,0
2024-01-29T13:45:22+08:00,0.99745,4.67878,0
2024-01-29T13:45:38+08:00,0.92158,4.94775,0
2024-01-29T13:45:55+08:00,0.89792,5.14271,0
2024-01-29T13:46:10+08:00,0.89792,5.28674,0
2024-01-29T13:46:26+08:00,0.89722,5.49443,1
2024-01-29T13:46:43+08:00,0.89235,5.66472,1
2024-01-29T13:46:58+08:00,0.89165,5.74509,1
2024-01-29T13:47:16+08:00,0.89096,5.84615,1
2024-01-29T13:47:32+08:00,0.89096,5.90504,1
2024-01-29T13:47:47+08:00,0.89096,5.96552,1
2024-01-29T13:48:03+08:00,0.89096,6.01804,1
2024-01-29T13:48:20+08:00,0.89096,6.05305,1
2024-01-29T13:48:36+08:00,0.89096,6.08886,1
2024-01-29T13:48:51+08:00,0.89096,6.11751,1
2024-01-29T13:49:07+08:00,0.89096,6.14695,1
2024-01-29T13:49:23+08:00,0.89096,6.16764,1
2024-01-29T13:49:40+08:00,0.89096,6.18276,1
2024-01-29T13:49:55+08:00,0.88887,6.20106,1
2024-01-29T13:50:11+08:00,0.88956,6.21379,1
2024-01-29T13:50:26+08:00,0.89096,6.22016,1
2024-01-29T13:50:42+08:00,0.89026,6.23289,1
2024-01-29T13:50:57+08:00,0.89026,6.24642,1
2024-01-29T13:51:13+08:00,0.89096,6.25676,0
2024-01-30T15:45:45+08:00,0.76326,3.99208,0
2024-01-30T15:46:01+08:00,0.76326,4.05303,0
2024-01-30T15:46:20+08:00,0.76267,4.38311,1
2024-01-30T15:46:36+08:00,0.76207,4.81609,1
2024-01-30T15:46:53+08:00,0.76267,5.11847,1
2024-01-30T15:47:08+08:00,0.76267,5.35594,1
2024-01-30T15:47:24+08:00,0.76207,5.52691,1
2024-01-30T15:47:39+08:00,0.76267,5.68206,1
2024-01-30T15:47:55+08:00,0.76207,5.80871,1
2024-01-30T15:48:11+08:00,0.76267,5.89182,1
2024-01-30T15:48:27+08:00,0.76207,5.96069,1
2024-01-30T15:48:44+08:00,0.76207,6.02876,1
2024-01-30T15:49:00+08:00,0.76089,6.07071,1
2024-01-30T15:49:17+08:00,0.76148,6.11662,1
2024-01-30T15:49:32+08:00,0.84011,6.14512,1
2024-01-30T15:49:48+08:00,0.92052,6.16491,1
2024-01-30T15:50:05+08:00,0.89451,6.19182,1
2024-01-30T15:50:27+08:00,0.88682,6.21478,1
2024-01-30T15:50:44+08:00,0.88564,6.22507,1
2024-01-30T15:51:00+08:00,0.88209,6.24248,1
2024-01-30T15:51:17+08:00,0.88091,6.25673,1
2024-01-30T15:51:33+08:00,0.88091,6.26385,1
2024-01-30T15:51:50+08:00,0.88091,6.27256,1
2024-01-30T15:52:06+08:00,0.88091,6.28047,1
2024-01-30T15:52:22+08:00,0.87913,6.28443,1
2024-01-30T15:52:38+08:00,0.87795,6.2876,1
2024-01-30T15:52:54+08:00,0.87913,6.29156,1
2024-01-30T15:53:10+08:00,0.87736,6.29789,1
2024-01-30T15:53:28+08:00,0.87559,6.29789,1
2024-01-30T15:53:45+08:00,0.875,6.30106,1
2024-01-30T15:54:02+08:00,0.875,6.3058,1
2024-01-30T15:54:17+08:00,0.875,6.3066,1
2024-01-31T16:59:28+08:00,0.83314,3.97931,0
2024-01-31T16:59:45+08:00,0.82914,3.95603,0
2024-01-31T17:00:02+08:00,0.82581,4.12845,1
2024-01-31T17:00:19+08:00,0.82647,4.4181,1
2024-01-31T17:00:36+08:00,0.82647,4.73621,1
2024-01-31T17:00:53+08:00,0.82514,5.26034,1
2024-01-31T17:01:10+08:00,0.82581,5.45,1
2024-01-31T17:01:26+08:00,0.82581,5.5681,1
2024-01-31T17:01:43+08:00,0.82647,5.69224,1
2024-01-31T17:01:59+08:00,0.82647,5.78793,1
2024-01-31T17:02:16+08:00,0.82647,5.86552,1
2024-01-31T17:02:31+08:00,0.82647,5.91034,1
2024-01-31T17:02:49+08:00,0.82647,5.9931,1
2024-01-31T17:03:05+08:00,0.82647,6.04655,1
2024-01-31T17:03:22+08:00,0.82647,6.08448,1
2024-01-31T17:03:39+08:00,0.82647,6.11207,1
2024-01-31T17:03:58+08:00,0.82647,6.13793,1
2024-01-31T17:04:15+08:00,0.82647,6.16293,1
2024-01-31T17:04:31+08:00,0.82647,6.18276,1
2024-01-31T17:04:46+08:00,0.82581,6.19914,1
2024-01-31T17:05:03+08:00,0.82647,6.21121,1
2024-01-31T17:05:18+08:00,0.82647,6.22414,1
2024-01-31T17:05:33+08:00,0.82647,6.23276,1
2024-01-31T17:05:48+08:00,0.82647,6.24397,1
2024-01-31T17:06:05+08:00,0.82647,6.25431,1
2024-02-01T11:50:48+08:00,0.85817,4,0
2024-02-01T11:51:04+08:00,0.85493,4.03271,0
2024-02-01T11:51:19+08:00,0.85234,4.21223,0
2024-02-01T11:51:35+08:00,0.85558,4.55691,0
2024-02-01T11:51:50+08:00,0.85363,4.83617,0
2024-02-01T11:52:06+08:00,0.85169,5.07553,0
2024-02-01T11:52:22+08:00,0.85428,5.26144,0
2024-02-01T11:52:38+08:00,0.85558,5.41383,0
2024-02-01T11:52:53+08:00,0.85363,5.54468,0
2024-02-01T11:53:09+08:00,0.85493,5.65957,0
2024-02-01T11:53:25+08:00,0.85493,5.75931,0
2024-02-01T11:53:40+08:00,0.85299,5.8375,0
2024-02-01T11:53:56+08:00,0.85428,5.91489,0
2024-02-01T11:54:12+08:00,0.85493,5.97633,1
2024-02-01T11:54:28+08:00,0.85428,6.0258,1
2024-02-01T11:54:43+08:00,0.85299,6.06968,1
2024-02-01T11:54:58+08:00,0.85299,6.10239,1
2024-02-01T11:55:14+08:00,0.85428,6.1383,1
2024-02-01T11:55:29+08:00,0.85428,6.16702,1
2024-02-01T11:55:45+08:00,0.85493,6.18697,1
2024-02-01T11:56:01+08:00,0.85428,6.2109,1
2024-02-01T11:56:17+08:00,0.85169,6.22766,1
2024-02-01T11:56:32+08:00,0.85428,6.24122,1
2024-02-01T11:56:48+08:00,0.85169,6.25638,1
2024-02-01T11:57:03+08:00,0.85039,6.26676,1
2024-02-01T11:57:18+08:00,0.85299,6.27633,1
2024-02-01T11:57:34+08:00,0.85169,6.28431,1
2024-02-01T11:57:50+08:00,0.85428,6.29468,1
2024-02-02T17:04:48+08:00,0.86033,3.99167,0
2024-02-02T17:05:04+08:00,0.83356,4.05,1
2024-02-02T17:05:20+08:00,0.83128,4.66083,1
2024-02-02T17:05:35+08:00,0.82444,5.17667,1
2024-02-02T17:05:50+08:00,0.81646,5.4575,1
2024-02-02T17:06:07+08:00,0.80678,5.68833,1
2024-02-02T17:06:23+08:00,0.80678,5.84917,1
2024-02-02T17:06:39+08:00,0.8045,5.99,1
2024-02-02T17:06:55+08:00,0.80678,6.07833,1
2024-02-02T17:07:15+08:00,0.80564,6.12833,1
2024-02-02T17:07:31+08:00,0.87686,6.20417,1
2024-02-02T17:07:46+08:00,0.8854,6.25667,1
2024-02-02T17:08:01+08:00,0.87344,6.30083,1
2024-02-02T17:08:17+08:00,0.86033,6.325,1
2024-02-02T17:08:33+08:00,0.84153,6.37917,1
2024-02-02T17:08:48+08:00,0.73043,6.56083,1
2024-02-02T17:09:04+08:00,0.6444,6.71583,1
2024-02-02T17:09:19+08:00,0.75379,6.53333,1
2024-02-02T17:09:35+08:00,0.75778,6.53083,1
2024-02-02T17:09:50+08:00,0.78342,6.58417,1
2024-02-02T17:10:06+08:00,1.04209,6.36,1
2024-02-02T17:10:21+08:00,0.99366,6.36583,1
2024-02-02T17:10:38+08:00,0.91218,6.37167,1
2024-02-02T17:10:53+08:00,0.88825,6.3725,1
2024-02-02T17:11:08+08:00,0.88882,6.37583,1
2024-02-02T17:11:24+08:00,0.8911,6.3775,1
2024-02-02T17:11:39+08:00,0.88882,6.3775,1
2024-02-02T17:11:54+08:00,0.88996,6.38,1
2024-02-02T17:12:10+08:00,0.89395,6.38167,1
2024-02-02T17:12:26+08:00,0.89281,6.38333,1
2024-02-02T17:12:42+08:00,0.89338,6.38667,1
2024-02-02T17:12:58+08:00,0.89167,6.38833,1
2024-02-02T17:13:13+08:00,0.89224,6.38917,1
2024-02-02T17:13:28+08:00,0.55665,6.39333,1
2024-02-02T17:13:43+08:00,0.29172,6.39167,1
2024-02-19T17:32:27+08:00,0.8893,4.58324,0
2024-02-19T17:32:43+08:00,0.88337,4.8933,1
2024-02-19T17:32:59+08:00,0.88436,5.23184,1
2024-02-19T17:33:15+08:00,0.88436,5.43212,1
2024-02-19T17:33:30+08:00,0.88436,5.58128,1
2024-02-19T17:33:46+08:00,0.88485,5.71788,1
2024-02-19T17:34:02+08:00,0.8893,5.82933,1
2024-02-19T17:34:18+08:00,0.8893,5.91983,1
2024-02-19T17:34:34+08:00,0.88732,5.98939,1
2024-02-19T17:34:50+08:00,0.88485,6.05223,1
2024-02-19T17:35:06+08:00,0.88831,6.10251,1
2024-02-19T17:35:22+08:00,0.88634,6.14441,1
2024-02-19T17:35:37+08:00,0.88683,6.17542,1
2024-02-19T17:35:53+08:00,0.88584,6.20475,1
2024-02-19T17:36:09+08:00,0.88584,6.22821,1
2024-02-19T17:36:24+08:00,0.88683,6.24665,1
2024-02-19T17:36:40+08:00,0.8814,6.26257,1
2024-02-19T17:36:56+08:00,0.88535,6.27346,1
2024-02-19T17:37:11+08:00,0.88634,6.2852,1
2024-02-19T17:37:26+08:00,0.88634,6.29441,1
2024-02-19T17:37:47+08:00,0.88683,6.2986,1
2024-02-19T17:38:03+08:00,0.88634,6.31117,1
2024-02-19T17:38:19+08:00,0.88337,6.31453,1
2024-02-19T17:38:35+08:00,0.88732,6.31955,1
2024-02-19T17:38:51+08:00,0.88041,6.32207,1
2024-02-19T17:39:07+08:00,0.88535,6.33128,1
2024-02-19T17:39:23+08:00,0.87991,6.32961,1
2024-02-19T17:39:38+08:00,0.8814,6.33212,1
2024-02-19T17:39:54+08:00,0.87893,6.32961,1
2024-02-19T17:40:10+08:00,0.87893,6.33547,1
2024-02-20T17:47:17+08:00,0.76349,4.08974,0
2024-02-20T17:47:33+08:00,0.75418,4.3812,0
2024-02-20T17:47:49+08:00,0.74953,4.66154,1
2024-02-20T17:48:05+08:00,0.74953,4.80342,1
2024-02-20T17:48:20+08:00,0.75011,4.92222,1
2024-02-20T17:48:36+08:00,0.75011,5.03162,1
2024-02-20T17:48:52+08:00,0.75011,5.12479,1
2024-02-20T17:49:08+08:00,0.75011,5.21282,1
2024-02-20T17:49:24+08:00,0.75011,5.2812,1
2024-02-20T17:49:39+08:00,0.75011,5.35214,1
2024-02-20T17:49:55+08:00,0.75011,5.4188,1
2024-02-20T17:50:11+08:00,0.75011,5.47949,1
2024-02-20T17:50:27+08:00,0.73209,5.5906,1
2024-02-20T17:50:43+08:00,0.73209,5.67179,1
2024-02-20T17:50:59+08:00,0.73267,5.72906,1
2024-02-20T17:51:14+08:00,0.73267,5.78205,1
2024-02-20T17:51:30+08:00,0.73267,5.82222,1
2024-02-20T17:51:46+08:00,0.74837,5.8906,1
2024-02-20T17:52:02+08:00,0.84954,5.78547,1
2024-02-20T17:52:17+08:00,0.88618,5.78205,1
2024-02-20T17:52:33+08:00,0.88967,5.81538,1
2024-02-20T17:52:49+08:00,0.88967,5.84786,1
2024-02-20T17:53:04+08:00,0.88385,5.86923,1
2024-02-20T17:53:20+08:00,0.88269,5.88889,1
2024-02-20T17:53:36+08:00,0.88036,5.90427,1
2024-02-20T17:53:53+08:00,0.88153,5.9188,1
2024-02-20T17:54:09+08:00,0.8792,5.92991,1
2024-02-20T17:54:24+08:00,0.87804,5.94188,1
2024-02-20T17:54:40+08:00,0.87804,5.95128,1
2024-02-20T17:54:55+08:00,0.8792,5.95897,1
2024-02-20T17:55:11+08:00,0.87804,5.96667,1
2024-02-20T17:55:26+08:00,0.87513,5.9735,1
2024-02-20T17:55:42+08:00,0.87746,5.97521,1
2024-02-21T10:42:41+08:00,0.8478,5.82846,0
2024-02-21T10:42:57+08:00,0.84166,5.89187,0
2024-02-21T10:43:12+08:00,0.84166,5.96016,0
2024-02-21T10:43:28+08:00,0.84104,6.02033,0
2024-02-21T10:43:43+08:00,0.84043,6.06992,0
2024-02-21T10:44:00+08:00,0.84166,6.11382,1
2024-02-21T10:44:16+08:00,0.84104,6.15528,1
2024-02-21T10:44:31+08:00,0.84104,6.18618,1
2024-02-21T10:44:47+08:00,0.84104,6.20894,1
2024-02-21T10:45:03+08:00,0.84166,6.23089,1
2024-02-21T10:45:19+08:00,0.84104,6.24959,1
2024-02-21T10:45:35+08:00,0.83981,6.26585,1
2024-02-21T10:45:50+08:00,0.84104,6.27724,1
2024-02-21T10:46:06+08:00,0.84166,6.29187,1
2024-02-21T10:46:22+08:00,0.83858,6.30081,1
2024-02-23T13:24:22+08:00,0.82831,3.9642,0
2024-02-23T13:24:37+08:00,0.83875,4.18239,0
2024-02-23T13:24:53+08:00,0.84989,4.66307,0
2024-02-23T13:25:08+08:00,0.84989,4.93494,0
2024-02-23T13:25:23+08:00,0.84362,5.21534,0
2024-02-23T13:25:39+08:00,0.84641,5.44716,0
2024-02-23T13:25:55+08:00,0.84989,5.61165,0
2024-02-23T13:26:11+08:00,0.84502,5.69602,0
2024-02-23T13:26:27+08:00,0.84293,5.76591,0
2024-02-23T13:26:44+08:00,0.83945,5.93636,0
2024-02-23T13:26:59+08:00,0.84154,5.97898,1
2024-02-23T13:27:15+08:00,0.84362,6.05398,1
2024-02-23T13:27:30+08:00,0.84502,6.00966,1
2024-02-23T13:27:47+08:00,0.8471,6.09915,1
2024-02-23T13:28:02+08:00,0.84154,6.18437,1
2024-02-23T13:28:18+08:00,0.84571,6.15795,1
2024-02-23T13:28:34+08:00,0.84362,6.23551,1
2024-02-23T13:28:50+08:00,0.84223,6.23125,1
2024-02-23T13:29:06+08:00,0.84432,6.21165,1
2024-02-23T13:29:21+08:00,0.84641,6.21676,1
2024-02-23T13:29:37+08:00,0.84432,6.18523,1
2024-02-23T13:29:53+08:00,0.8485,6.27898,1
2024-02-23T13:30:09+08:00,0.8471,6.32756,1
2024-02-23T13:30:24+08:00,0.84362,6.26619,1
2024-02-23T13:30:40+08:00,0.84362,6.2858,1
2024-02-23T13:30:55+08:00,0.83806,6.27727,1
2024-02-23T13:31:11+08:00,0.84223,6.30114,1
2024-02-27T13:51:50+08:00,0.88156,4.15437,0
2024-02-27T13:52:06+08:00,0.88156,4.43883,0
2024-02-27T13:52:23+08:00,0.88156,4.74951,0
2024-02-27T13:52:39+08:00,0.88156,4.99806,0
2024-02-27T13:52:55+08:00,0.88156,5.17282,0
2024-02-27T13:53:12+08:00,0.88156,5.32136,0
2024-02-27T13:53:27+08:00,0.88094,5.45728,0
2024-02-27T13:53:43+08:00,0.88156,5.54951,0
2024-02-27T13:53:59+08:00,0.88156,5.63204,0
2024-02-27T13:54:16+08:00,0.87969,5.70097,0
2024-02-27T13:54:31+08:00,0.87906,5.75534,0
2024-02-27T13:54:47+08:00,0.87844,5.80194,0
2024-02-27T13:55:02+08:00,0.88031,5.8466,0
2024-02-27T13:55:17+08:00,0.87906,5.88447,0
2024-02-27T13:55:33+08:00,0.88031,5.9165,0
2024-02-27T13:55:49+08:00,0.87969,5.9466,0
2024-02-27T13:56:05+08:00,0.87906,5.97379,0
2024-02-27T13:56:21+08:00,0.87969,5.99903,0
2024-02-27T13:56:36+08:00,0.88156,6.0165,0
2024-02-27T13:56:52+08:00,0.87969,6.03398,0
2024-02-27T13:57:08+08:00,0.87906,6.0466,0
2024-02-27T13:57:23+08:00,0.87593,6.06214,0
2024-02-27T13:57:39+08:00,0.87719,6.07379,0
2024-02-27T13:57:55+08:00,0.87781,6.08447,0
2024-02-27T13:58:10+08:00,0.87593,6.09417,0
2024-02-27T13:58:26+08:00,0.87656,6.10291,0
2024-02-27T13:58:42+08:00,0.87719,6.10874,0
2024-02-27T13:58:58+08:00,0.87844,6.1165,0
2024-02-27T13:59:13+08:00,0.87656,6.12427,0
2024-02-27T13:59:29+08:00,0.87593,6.12913,0
2024-02-27T13:59:44+08:00,0.87531,6.13592,0
2024-02-27T13:59:59+08:00,0.87531,6.14078,0
2024-02-27T14:00:15+08:00,0.87593,6.14563,0
2024-02-27T14:00:31+08:00,0.87844,6.15534,0
2024-02-27T14:00:46+08:00,0.87969,6.15534,0
2024-02-27T14:01:02+08:00,0.87781,6.15922,0
2024-02-27T14:01:17+08:00,0.87531,6.16505,0
2024-02-27T14:01:34+08:00,0.87593,6.1699,0
2024-02-27T14:01:50+08:00,0.87531,6.17476,0
2024-02-27T14:02:05+08:00,0.87531,6.17476,0
2024-02-27T14:02:20+08:00,0.87593,6.17573,0
2024-02-27T14:02:37+08:00,0.87593,6.18447,0
2024-02-27T14:02:54+08:00,0.87593,6.18447,0
2024-02-27T14:03:10+08:00,0.87593,6.18641,0
2024-02-27T14:03:26+08:00,0.87656,6.18835,0
2024-02-27T14:03:42+08:00,0.87593,6.19417,0
2024-02-27T14:03:58+08:00,0.87593,6.19417,0
2024-02-27T14:04:14+08:00,0.87531,6.19806,0
2024-02-27T14:04:30+08:00,0.87531,6.20097,0
2024-02-27T14:04:46+08:00,0.87531,6.20388,0
2024-02-27T14:05:02+08:00,0.87593,6.20485,0
2024-02-27T14:05:18+08:00,0.87531,6.2068,0
2024-02-27T14:05:34+08:00,0.87531,6.21165,0
2024-02-27T14:05:50+08:00,0.87531,6.21262,0
2024-02-27T14:06:06+08:00,0.87531,6.21359,0
2024-02-27T14:06:22+08:00,0.87531,6.21359,0
2024-02-27T14:06:38+08:00,0.87531,6.2165,0
2024-02-27T14:06:55+08:00,0.87531,6.21553,0
2024-02-27T14:07:11+08:00,0.87531,6.22136,0
2024-02-27T14:07:26+08:00,0.87531,6.22233,0
2024-02-27T14:07:42+08:00,0.87531,6.2233,0
2024-02-27T14:07:58+08:00,0.87531,6.2233,0
2024-02-27T14:08:13+08:00,0.87531,6.22718,0
2024-02-27T14:08:29+08:00,0.87531,6.2301,0
2024-02-27T14:08:46+08:00,0.87531,6.23301,0
2024-02-27T14:09:02+08:00,0.87531,6.23301,0
2024-02-27T14:09:17+08:00,0.87531,6.23398,0
2024-02-27T14:09:33+08:00,0.87531,6.23495,0
2024-02-27T14:09:49+08:00,0.87531,6.24078,0
2024-02-27T14:10:04+08:00,0.87531,6.24272,0
2024-02-27T14:10:19+08:00,0.87531,6.2466,0
2024-02-27T14:10:35+08:00,0.87531,6.24757,0
2024-02-27T14:10:51+08:00,0.87531,6.24854,0
2024-02-27T14:11:06+08:00,0.87531,6.24951,0
2024-02-27T14:11:22+08:00,0.87531,6.25243,0
2024-02-27T14:11:38+08:00,0.87531,6.25534,0
2024-02-27T14:11:54+08:00,0.87531,6.25825,0
2024-02-27T14:12:09+08:00,0.87531,6.26214,0
2024-02-27T14:12:25+08:00,0.87531,6.26699,0
2024-02-27T14:12:40+08:00,0.87531,6.26893,0
2024-02-27T14:12:55+08:00,0.87531,6.2699,0
2024-02-27T14:13:11+08:00,0.87531,6.27087,0
2024-02-27T14:13:27+08:00,0.87531,6.27282,0
2024-02-27T14:13:42+08:00,0.87531,6.27476,0
2024-02-27T14:13:59+08:00,0.87531,6.27379,0
2024-02-27T14:14:15+08:00,0.87531,6.27379,0
2024-02-27T14:14:31+08:00,0.87531,6.27476,0
2024-02-27T14:14:46+08:00,0.87531,6.28058,0
2024-02-27T14:15:02+08:00,0.87531,6.27767,0
2024-02-27T14:15:18+08:00,0.87531,6.27767,0
2024-02-27T14:15:34+08:00,0.87531,6.27476,0
2024-02-27T14:15:50+08:00,0.87531,6.27864,0
2024-02-27T14:16:05+08:00,0.87531,6.28155,0
2024-02-27T14:16:20+08:00,0.87531,6.27961,0
2024-02-27T14:16:36+08:00,0.87531,6.27864,0
2024-02-27T14:16:51+08:00,0.87531,6.28058,0
2024-02-27T14:17:07+08:00,0.87531,6.27767,0
2024-02-27T14:17:23+08:00,0.87531,6.2767,0
2024-02-28T14:32:04+08:00,0.96781,5.37559,0
2024-02-28T14:32:19+08:00,0.96523,5.47176,0
2024-02-28T14:32:36+08:00,0.96523,5.61824,0
2024-02-28T14:32:52+08:00,0.96458,5.72853,0
2024-02-28T14:33:07+08:00,0.96458,5.81765,0
2024-02-28T14:33:23+08:00,0.96394,5.90853,0
2024-02-28T14:33:39+08:00,0.962,5.97382,0
2024-02-28T14:33:55+08:00,0.96265,6.02853,0
2024-02-28T14:34:11+08:00,0.962,6.07088,0
2024-02-28T14:34:29+08:00,0.962,6.10529,0
2024-02-28T14:34:44+08:00,0.96136,6.13971,0
2024-02-28T14:35:00+08:00,0.96136,6.16176,0
2024-02-28T14:35:15+08:00,0.96136,6.18206,0
2024-02-28T14:35:31+08:00,0.96136,6.20059,0
2024-02-28T14:35:46+08:00,0.96136,6.21471,0
2024-02-28T14:36:01+08:00,0.96136,6.22971,0
2024-02-28T14:36:22+08:00,0.96136,6.24206,0
2024-02-28T14:36:38+08:00,0.96136,6.25441,0
2024-02-28T14:36:53+08:00,0.96136,6.26588,0
2024-02-28T14:37:08+08:00,0.96136,6.27206,0
2024-02-28T14:37:24+08:00,0.96136,6.28265,0
2024-02-28T14:37:39+08:00,0.96136,6.28794,0
2024-02-29T11:46:56+08:00,0.92835,5.86069,0
2024-02-29T11:47:12+08:00,0.92767,5.92399,1
2024-02-29T11:47:28+08:00,0.92835,6.00289,1
2024-02-29T11:47:44+08:00,0.92767,6.06358,1
2024-02-29T11:48:00+08:00,0.92835,6.11474,1
2024-02-29T11:48:15+08:00,0.92767,6.15636,1
2024-02-29T11:48:31+08:00,0.92698,6.18584,1
2024-02-29T11:48:47+08:00,0.92698,6.21272,1
2024-02-29T11:49:03+08:00,0.92835,6.23699,1
2024-02-29T11:49:19+08:00,0.92835,6.25434,1
2024-02-29T11:49:35+08:00,0.92835,6.27341,1
2024-02-29T11:49:50+08:00,0.92835,6.28902,1
2024-02-29T11:50:05+08:00,0.92835,6.30202,0
2024-02-29T11:50:21+08:00,0.92835,6.31416,0
2024-03-01T15:38:58+08:00,0.91052,4.59654,0
2024-03-01T15:39:14+08:00,0.90983,4.82305,0
2024-03-01T15:39:29+08:00,0.90983,5.0755,0
2024-03-01T15:39:45+08:00,0.90983,5.28818,0
2024-03-01T15:40:00+08:00,0.90983,5.45591,0
2024-03-01T15:40:16+08:00,0.90983,5.5951,0
2024-03-01T15:40:31+08:00,0.90983,5.7049,0
2024-03-01T15:40:46+08:00,0.90983,5.8,0
2024-03-01T15:41:02+08:00,0.90983,5.88386,0
2024-03-01T15:41:18+08:00,0.90983,5.94784,0
2024-03-01T15:41:33+08:00,0.90983,6.00231,1
2024-03-01T15:41:48+08:00,0.90983,6.04899,1
2024-03-01T15:42:04+08:00,0.90983,6.09135,1
2024-03-01T15:42:20+08:00,0.90983,6.1268,1
2024-03-01T15:42:36+08:00,0.90983,6.15706,1
2024-03-01T15:42:51+08:00,0.90983,6.18213,1
2024-03-01T15:43:07+08:00,0.90983,6.20461,1
2024-03-01T15:43:23+08:00,0.90983,6.2245,1
2024-03-01T15:43:38+08:00,0.90983,6.24265,1
2024-03-01T15:43:53+08:00,0.90983,6.25476,1
2024-03-01T15:44:09+08:00,0.90983,6.26686,1
2024-03-01T15:44:25+08:00,0.90983,6.28156,1
2024-03-01T15:44:40+08:00,0.90983,6.29107,1
2024-03-01T15:44:55+08:00,0.90983,6.30058,1
2024-03-01T15:45:12+08:00,0.90983,6.31009,1
2024-03-01T15:45:27+08:00,0.90983,6.317,1
2024-03-01T15:45:43+08:00,0.90983,6.32565,1
2024-03-01T15:45:58+08:00,0.90983,6.33429,1
2024-03-01T15:46:14+08:00,0.90983,6.34207,1
2024-03-01T15:46:29+08:00,0.90983,6.3464,1
2024-03-01T15:46:44+08:00,0.90983,6.35158,1
2024-03-01T15:46:59+08:00,0.90983,6.3585,1
2024-03-01T15:47:15+08:00,0.90983,6.36023,1
2024-03-01T15:47:30+08:00,0.90983,6.36542,1
2024-03-01T15:47:46+08:00,0.90983,6.36888,1
2024-03-01T15:48:02+08:00,0.90983,6.3732,1
2024-03-01T15:48:17+08:00,0.90983,6.37752,1
2024-03-01T15:48:33+08:00,0.90983,6.38444,1
2024-03-01T15:48:48+08:00,0.90983,6.38617,1
2024-03-01T15:49:04+08:00,0.90983,6.38617,1
2024-03-01T15:49:21+08:00,0.90983,6.39135,1
2024-03-01T15:49:37+08:00,0.91052,6.39395,1
2024-03-01T15:49:52+08:00,0.90983,6.39481,1
2024-03-01T15:50:07+08:00,0.90983,6.39741,1
2024-03-01T15:50:23+08:00,0.90983,6.40259,1
2024-03-01T15:50:39+08:00,0.90983,6.40346,1
2024-03-01T15:50:54+08:00,0.90983,6.40346,1
2024-03-01T15:51:10+08:00,0.90983,6.40519,1
2024-03-01T15:51:26+08:00,0.90983,6.40951,1
2024-03-01T15:51:41+08:00,0.90983,6.4121,1
2024-03-01T15:51:57+08:00,0.90983,6.4121,1
2024-03-01T15:52:12+08:00,0.90983,6.4121,1
2024-03-01T15:52:28+08:00,0.90983,6.41556,1
2024-03-01T15:52:44+08:00,0.90983,6.4147,1
2024-03-01T15:52:59+08:00,0.90983,6.42075,1
2024-03-04T15:12:34+08:00,0.88478,3.98204,0
2024-03-04T15:12:51+08:00,0.88412,4.01527,0
2024-03-04T15:13:07+08:00,0.88412,4.53623,0
2024-03-04T15:13:23+08:00,0.88081,4.94311,1
2024-03-04T15:13:40+08:00,0.88147,5.2979,1
2024-03-04T15:13:55+08:00,0.88346,5.53593,1
2024-03-04T15:14:11+08:00,0.88213,5.74431,1
2024-03-04T15:14:28+08:00,0.88412,5.91228,1
2024-03-04T15:14:43+08:00,0.88478,6.04701,1
2024-03-04T15:14:59+08:00,0.88279,6.15838,1
2024-03-04T15:15:15+08:00,0.88279,6.23743,1
2024-03-04T15:15:31+08:00,0.88279,6.30749,1
2024-03-04T15:15:47+08:00,0.88346,6.35958,1
2024-03-04T15:16:03+08:00,0.88346,6.40269,1
2024-03-04T15:16:19+08:00,0.88213,6.43772,1
2024-03-04T15:16:36+08:00,0.88279,6.47096,1
2024-03-04T15:16:51+08:00,0.88279,6.49431,1
2024-03-05T11:50:56+08:00,0.9268,4.57988,0
2024-03-05T11:51:11+08:00,0.9313,4.75743,0
2024-03-05T11:51:27+08:00,0.94029,5.04344,0
2024-03-05T11:51:43+08:00,0.94799,5.24198,1
2024-03-05T11:51:59+08:00,0.95056,5.47551,1
2024-03-05T11:52:14+08:00,0.95378,5.59708,1
2024-03-05T11:52:29+08:00,0.95699,5.75452,1
2024-03-05T11:52:45+08:00,0.96084,5.88222,1
2024-03-05T11:53:01+08:00,0.96341,5.9242,1
2024-03-05T11:53:17+08:00,0.96662,5.98455,1
2024-03-05T11:53:33+08:00,0.96983,6.06239,1
2024-03-05T11:53:48+08:00,0.97112,6.19096,1
2024-03-05T11:54:05+08:00,0.97625,6.2172,1
2024-03-05T11:54:21+08:00,0.9769,6.23207,1
2024-03-05T11:54:36+08:00,0.98268,6.31254,1
2024-03-05T11:54:52+08:00,0.98332,6.34227,1
2024-03-05T11:55:08+08:00,0.9891,6.28542,1
2024-03-05T11:55:24+08:00,0.99038,6.37464,1
2024-03-05T11:55:39+08:00,0.99488,6.36851,1
2024-03-05T11:55:55+08:00,0.99617,6.32128,1
2024-03-05T12:17:21+08:00,0.86664,4,0
2024-03-05T12:17:37+08:00,0.86664,4.00435,0
2024-03-05T12:17:53+08:00,0.86664,4.22261,0
2024-03-05T12:18:09+08:00,0.86601,4.54261,0
2024-03-05T12:18:25+08:00,0.86664,4.94,0
2024-03-05T12:18:41+08:00,0.86664,5.16609,0
2024-03-05T12:18:57+08:00,0.86664,5.35565,0
2024-03-05T12:19:12+08:00,0.86601,5.52956,1
2024-03-05T12:19:28+08:00,0.86664,5.68435,1
2024-03-05T12:19:44+08:00,0.86538,5.81478,1
2024-03-05T12:20:00+08:00,0.86664,5.91826,1
2024-03-05T12:20:15+08:00,0.86664,6.00956,1
2024-03-05T12:20:31+08:00,0.86601,6.08696,1
2024-03-05T12:20:47+08:00,0.86664,6.15304,1
2024-03-05T12:21:03+08:00,0.86664,6.21304,1
2024-03-05T12:21:18+08:00,0.86664,6.26,1
2024-03-05T12:21:35+08:00,0.86664,6.29913,1
2024-03-05T12:21:50+08:00,0.86664,6.34174,1
2024-03-05T12:22:05+08:00,0.86664,6.36522,1
2024-03-05T12:22:21+08:00,0.86664,6.39043,0
2024-03-06T14:01:48+08:00,0.86281,5.22432,0
2024-03-06T14:02:04+08:00,0.86281,5.44054,0
2024-03-06T14:02:19+08:00,0.86281,5.66667,0
2024-03-06T14:02:34+08:00,0.86281,5.85495,0
2024-03-06T14:02:51+08:00,0.86093,6.01081,0
2024-03-06T14:03:06+08:00,0.86281,6.12793,0
2024-03-06T14:03:22+08:00,0.86218,6.21441,0
2024-03-06T14:03:38+08:00,0.86281,6.28288,0
2024-03-06T14:03:54+08:00,0.86281,6.33694,1
2024-03-06T14:04:10+08:00,0.86281,6.38108,1
2024-03-06T14:04:26+08:00,0.86281,6.41622,1
2024-03-06T14:04:41+08:00,0.86218,6.44685,1
2024-03-06T14:04:58+08:00,0.86218,6.47117,1
2024-03-06T14:05:13+08:00,0.86281,6.49369,1
2024-03-06T14:05:30+08:00,0.86218,6.50991,1
2024-03-06T14:05:46+08:00,0.86218,6.52793,1
2024-03-06T14:06:02+08:00,0.86155,6.54414,1
2024-03-06T14:06:18+08:00,0.8603,6.55586,1
2024-03-06T14:06:34+08:00,0.86218,6.56847,1
2024-03-06T14:06:51+08:00,0.86218,6.57838,1
2024-03-06T14:07:09+08:00,0.86155,6.58649,1
2024-03-07T16:57:32+08:00,0.82103,4.73692,0
2024-03-07T16:57:48+08:00,0.81543,4.8625,0
2024-03-07T16:58:04+08:00,0.82477,4.99855,0
2024-03-07T16:58:20+08:00,0.82726,5.1468,0
2024-03-07T16:58:36+08:00,0.82352,5.26105,0
2024-03-07T16:58:52+08:00,0.82415,5.36744,0
2024-03-07T16:59:07+08:00,0.81979,5.45552,0
2024-03-07T16:59:23+08:00,0.82913,5.53401,0
2024-03-07T16:59:40+08:00,0.81543,5.63169,0
2024-03-07T16:59:55+08:00,0.82352,5.70407,1
2024-03-07T17:00:10+08:00,0.82228,5.76686,1
2024-03-07T17:00:26+08:00,0.82228,5.8314,1
2024-03-07T17:00:41+08:00,0.82352,5.89244,1
2024-03-07T17:00:57+08:00,0.82726,5.94302,1
2024-03-07T17:01:12+08:00,0.81854,5.9875,0
2024-03-07T17:01:28+08:00,0.81917,6.03634,1
2024-03-07T17:01:43+08:00,0.81979,6.07907,1
2024-03-07T17:01:59+08:00,0.82352,6.11919,1
2024-03-07T17:02:14+08:00,0.82103,6.15669,1
2024-03-07T17:02:29+08:00,0.82041,6.1907,1
2024-03-07T17:02:45+08:00,0.82352,6.22035,1
2024-03-07T17:03:00+08:00,0.82664,6.2561,0
2024-03-07T17:03:15+08:00,0.82103,6.2814,0
2024-03-07T17:03:31+08:00,0.81979,6.30407,0
2024-03-07T17:03:48+08:00,0.8173,6.3311,0
2024-03-07T17:04:03+08:00,0.82913,6.35204,0
2024-03-07T17:04:19+08:00,0.82352,6.36948,0
2024-03-07T17:04:35+08:00,0.83037,6.38866,0
2024-03-07T17:04:51+08:00,0.82539,6.40611,0
2024-03-07T17:05:07+08:00,0.82664,6.42267,1
2024-03-07T17:05:23+08:00,0.82103,6.43314,0
2024-03-07T17:05:38+08:00,0.81668,6.44622,0
2024-03-07T17:05:53+08:00,0.81854,6.46366,1
2024-03-07T17:06:09+08:00,0.82726,6.47587,1
2024-03-07T17:06:25+08:00,0.82228,6.48459,1
2024-03-07T17:06:40+08:00,0.82041,6.49244,0
2024-03-07T17:06:55+08:00,0.81854,6.50552,0
2024-03-07T17:07:11+08:00,0.82788,6.51599,0
2024-03-07T17:07:27+08:00,0.82539,6.52907,0
2024-03-07T17:07:43+08:00,0.8173,6.54128,0
2024-03-07T17:07:58+08:00,0.81979,6.55349,0
2024-03-07T17:08:14+08:00,0.82352,6.56483,0
2024-03-07T17:08:30+08:00,0.81792,6.54651,0
2024-03-07T17:08:46+08:00,0.81605,6.54215,0
2024-03-07T17:09:02+08:00,0.81605,6.54913,0
2024-03-07T17:09:18+08:00,0.3075,6.61279,0
2024-03-07T17:09:34+08:00,0.14939,6.66076,0
2024-03-08T12:45:28+08:00,0.88238,4.30534,0
2024-03-08T12:45:43+08:00,0.88178,4.50119,1
2024-03-08T12:45:59+08:00,0.88238,4.91513,1
2024-03-08T12:46:15+08:00,0.88238,5.25875,1
2024-03-08T12:46:30+08:00,0.88238,5.39852,1
2024-03-08T12:46:45+08:00,0.88238,5.71988,1
2024-03-08T12:47:02+08:00,0.88238,5.92018,1
2024-03-08T12:47:17+08:00,0.88238,6.04926,1
2024-03-08T12:47:34+08:00,0.88238,6.16588,1
2024-03-08T12:47:49+08:00,0.88238,6.2549,1
2024-03-08T12:48:05+08:00,0.88238,6.33858,1
2024-03-08T12:48:21+08:00,0.88357,6.39911,1
2024-03-08T12:48:37+08:00,0.88417,6.45163,1
2024-03-08T12:48:52+08:00,0.88476,6.4908,1
2024-03-08T12:49:07+08:00,0.88775,6.52552,1
2024-03-08T12:49:23+08:00,0.88775,6.55579,1
2024-03-08T12:49:39+08:00,0.88775,6.58071,1
2024-03-08T12:49:54+08:00,0.88834,6.60208,1
2024-03-08T12:50:10+08:00,0.88715,6.61988,1
2024-03-08T12:50:26+08:00,0.88775,6.63412,1
2024-03-08T12:50:41+08:00,0.88715,6.65104,1
2024-03-08T12:50:57+08:00,0.88834,6.66795,1
2024-03-08T12:51:14+08:00,0.88834,6.67685,1
2024-03-14T16:18:48+08:00,0.81127,4.62385,0
2024-03-14T16:19:04+08:00,0.81127,5.0633,0
2024-03-14T16:19:19+08:00,0.81127,5.22752,0
2024-03-14T16:19:34+08:00,0.81127,5.55321,0
2024-03-14T16:19:50+08:00,0.81073,5.64679,0
2024-03-14T16:20:06+08:00,0.81127,5.6945,1
2024-03-14T16:20:22+08:00,0.81127,5.87523,1
2024-03-14T16:20:38+08:00,0.81127,5.99358,1
2024-03-14T16:20:54+08:00,0.81127,6.10734,1
2024-03-14T16:21:09+08:00,0.81127,6.35596,1
2024-03-14T16:21:25+08:00,0.81127,6.32385,1
2024-03-14T16:21:41+08:00,0.81127,6.34954,1
2024-03-14T16:21:56+08:00,0.81449,6.42477,1
2024-03-14T16:22:12+08:00,0.81556,6.52844,1
2024-03-14T16:22:27+08:00,0.81664,6.47248,1
2024-03-14T16:22:43+08:00,0.81664,6.50642,1
2024-03-14T16:22:58+08:00,0.81664,6.71651,1
2024-03-14T16:23:14+08:00,0.81664,6.65321,1
2024-03-14T16:23:30+08:00,0.81986,6.62385,1
2024-03-14T16:23:46+08:00,0.82201,6.67706,0
2024-03-14T16:24:02+08:00,0.82255,6.5844,0
2024-03-14T16:24:18+08:00,0.82416,6.62936,0
2024-03-14T16:24:36+08:00,0.82631,6.64954,0
2024-03-14T16:24:53+08:00,0.82738,6.68532,0
2024-03-14T16:25:09+08:00,0.82738,6.74679,0
2024-03-14T16:25:24+08:00,0.82738,6.64862,0
2024-03-14T16:25:39+08:00,0.82738,6.82752,0
2024-03-14T16:25:55+08:00,0.82738,6.91651,0
2024-03-14T16:26:11+08:00,0.82953,6.91468,0
2024-03-14T16:30:33+08:00,0.86273,4.65607,0
2024-03-14T16:30:48+08:00,0.86159,4.85234,0
2024-03-14T16:31:04+08:00,0.86159,5.06075,0
2024-03-14T16:31:20+08:00,0.86159,5.33178,0
2024-03-14T16:31:36+08:00,0.86159,5.50187,1
2024-03-14T16:31:52+08:00,0.86159,5.63271,1
2024-03-14T16:32:08+08:00,0.86159,5.75327,1
2024-03-14T16:32:23+08:00,0.86159,5.8215,1
2024-03-14T16:32:39+08:00,0.86159,5.95888,1
2024-03-14T16:32:55+08:00,0.86159,6.10561,1
2024-03-14T16:33:11+08:00,0.86159,6.13364,1
2024-03-14T16:33:27+08:00,0.86159,6.1215,1
2024-03-14T16:33:43+08:00,0.86159,6.21869,1
2024-03-14T16:33:58+08:00,0.86159,6.31215,1
2024-03-14T16:34:14+08:00,0.86159,6.30841,1
2024-03-14T16:34:30+08:00,0.86159,6.40561,1
2024-03-14T16:34:46+08:00,0.86159,6.44112,1
2024-03-14T16:35:03+08:00,0.86159,6.52243,1
2024-03-14T16:35:19+08:00,0.86159,6.43178,1
2024-03-14T16:35:35+08:00,0.86159,6.62243,1
2024-03-14T16:35:50+08:00,0.86159,6.51402,1
2024-03-14T16:36:06+08:00,0.86159,6.6215,1
2024-03-14T16:36:22+08:00,0.86159,6.58692,1
2024-03-14T16:36:39+08:00,0.86216,6.77664,1
2024-03-14T16:36:55+08:00,0.86216,6.82617,1
2024-03-14T16:37:11+08:00,0.86216,6.63271,1
2024-03-14T16:38:06+08:00,0.86216,6.84392,1
2024-03-14T16:38:23+08:00,0.86273,6.92991,1
2024-03-14T16:38:53+08:00,0.86216,6.71308,1
2024-03-14T16:39:09+08:00,0.86273,6.79346,1
2024-03-14T16:39:28+08:00,0.86388,6.80935,1
2024-03-14T16:39:45+08:00,0.86675,6.84579,1
2024-03-14T16:40:01+08:00,0.86733,6.91963,1
2024-03-14T16:40:16+08:00,0.86675,6.88692,1
2024-03-14T16:40:38+08:00,0.86675,6.92336,1
2024-03-14T16:40:56+08:00,0.86618,7.00841,1
2024-03-14T16:41:14+08:00,0.86618,7.01963,1
,,,
